{
  "config": {
    "n": 5000,
    "per_category": 150,
    "embedder": "charngram",
    "model": "deepvk/USER-bge-m3",
    "index": "flat",
    "seed": 20260605,
    "dataset": "data/canon.jsonl"
  },
  "n": 79939,
  "n_queries": 900,
  "index": "flat-numpy",
  "index_mb": 1309.72,
  "build_s": 12.33,
  "latency_ms": {
    "p50": 31.198300002870383,
    "p95": 32.226729994727066,
    "p99": 32.986360000577406
  },
  "metrics": {
    "recall_at_1": 0.8166666666666667,
    "recall_at_5": 0.8355555555555556,
    "recall_at_10": 0.8444444444444444,
    "mrr_at_10": 0.82611860670194,
    "ndcg_at_10": 0.8304976346636337,
    "per_category_recall_at_1": {
      "abbreviation": 1.0,
      "irrelevant_words": 0.9733333333333334,
      "missing_region": 0.98,
      "misspelling": 0.9333333333333333,
      "reorder": 0.9933333333333333,
      "transliteration": 0.02
    }
  }
}