{
  "config": {
    "n": 5000,
    "per_category": 100,
    "embedder": "st",
    "model": "intfloat/multilingual-e5-small",
    "index": "hnsw",
    "seed": 20260605,
    "dataset": "data/canon_8k.jsonl"
  },
  "n": 8000,
  "n_queries": 600,
  "index": "faiss-hnsw",
  "index_mb": 14.46,
  "build_s": 2.45,
  "latency_ms": {
    "p50": 0.018799997633323073,
    "p95": 0.03460500156506895,
    "p99": 0.05499999686435331
  },
  "metrics": {
    "recall_at_1": 0.8566666666666667,
    "recall_at_5": 0.9333333333333333,
    "recall_at_10": 0.9383333333333334,
    "mrr_at_10": 0.8894603174603175,
    "ndcg_at_10": 0.9017260337183984,
    "per_category_recall_at_1": {
      "abbreviation": 0.95,
      "irrelevant_words": 0.82,
      "missing_region": 0.87,
      "misspelling": 0.88,
      "reorder": 0.95,
      "transliteration": 0.67
    }
  }
}