{
  "config": {
    "n": 5000,
    "per_category": 200,
    "embedder": "st",
    "model": "models/addr-e5-ft",
    "index": "hnsw",
    "seed": 20260605,
    "dataset": "data/canon_fias_evalbig.jsonl"
  },
  "n": 99797,
  "n_queries": 1200,
  "index": "faiss-hnsw",
  "index_mb": 180.45,
  "build_s": 44.71,
  "latency_ms": {
    "p50": 0.10984999244101346,
    "p95": 0.16646501608192915,
    "p99": 0.20520499121630564
  },
  "metrics": {
    "recall_at_1": 0.9891666666666666,
    "recall_at_5": 0.9916666666666667,
    "recall_at_10": 0.9916666666666667,
    "mrr_at_10": 0.9904166666666666,
    "ndcg_at_10": 0.9907439910505953,
    "per_category_recall_at_1": {
      "abbreviation": 0.995,
      "irrelevant_words": 0.99,
      "missing_region": 0.98,
      "misspelling": 0.985,
      "reorder": 1.0,
      "transliteration": 0.985
    }
  }
}