{
  "config": {
    "n": 5000,
    "per_category": 100,
    "embedder": "st",
    "model": "models/addr-e5-ft",
    "index": "hnsw",
    "seed": 20260605,
    "dataset": "data/canon_8k.jsonl"
  },
  "n": 8000,
  "n_queries": 600,
  "index": "faiss-hnsw",
  "index_mb": 14.46,
  "build_s": 2.36,
  "latency_ms": {
    "p50": 0.02400000812485814,
    "p95": 0.048909994075074785,
    "p99": 0.0723169975390192
  },
  "metrics": {
    "recall_at_1": 0.95,
    "recall_at_5": 0.9916666666666667,
    "recall_at_10": 0.9916666666666667,
    "mrr_at_10": 0.9666388888888889,
    "ndcg_at_10": 0.9729463701418636,
    "per_category_recall_at_1": {
      "abbreviation": 1.0,
      "irrelevant_words": 0.99,
      "missing_region": 0.94,
      "misspelling": 0.89,
      "reorder": 1.0,
      "transliteration": 0.88
    }
  }
}